,Time,Status,Message
0,0 days 00:00:00,1,AllClear
1,0 days 00:33:21.268000,2,Yellow
2,0 days 00:33:23.916000,4,SCDeployed
3,0 days 00:41:22.426000,1,AllClear
4,0 days 01:28:10.248000,2,Yellow
5,0 days 01:28:53.834000,6,VSCDeployed
6,0 days 01:29:35.990000,7,VSCEnding
7,0 days 01:29:48.810000,1,AllClear
8,0 days 01:34:56.255000,2,Yellow
9,0 days 01:34:58.235000,1,AllClear
10,0 days 01:34:58.949000,2,Yellow
11,0 days 01:35:01.202000,1,AllClear
12,0 days 01:35:09.968000,2,Yellow
13,0 days 01:35:17.792000,6,VSCDeployed
14,0 days 01:36:18.690000,4,SCDeployed
15,0 days 01:45:48.950000,1,AllClear
