,race_id,Time,Status,Message
0,1021,0 days 00:06:25.173000,1,AllClear
1,1021,0 days 00:34:40.576000,2,Yellow
2,1021,0 days 00:34:45.606000,1,AllClear
